Headings,Links
10 UX Design Predictions For 2018 – Thinking Design by Adobe – Medium,https://medium.com/thinking-design/10-ux-design-predictions-for-2018-54bebb8d9767
Thinking Design by Adobe – Medium,https://medium.com/thinking-design
6 Reasons Why Graphic Designers Should Learn UX Design,https://medium.com/thinking-design/6-reasons-why-graphic-designers-should-learn-ux-design-7f129c530d7c
Muzli -Design Inspiration,https://medium.com/muzli-design-inspiration
Designing for Different Screens and Devices: 7 Steps to Creating A Great UX,https://medium.com/thinking-design/designing-for-different-screens-and-devices-7-steps-to-creating-a-great-ux-49f237a8b972
10 Common UX Deliverables – uxdesign.cc,https://medium.com/@miklosphilips/10-common-ux-deliverables-63f564f05465
What Tesla’s Model 3 UI Reveals About Its Vision for the Future,https://medium.com/figma-design/what-teslas-model-3-ui-reveals-about-its-vision-for-the-future-eb01a75ae979
5 Tips for Graphic Designers Switching to UX Design,https://medium.com/thinking-design/5-tips-for-graphic-designers-switching-to-ux-design-452f56e2a40f
Design for iPhone X – In The Pocket Insights – Medium,https://medium.com/in-the-pocket-insights/designing-for-the-iphone-x-4239d5ac736c
26 Steps of Product & Dashboard Design – Design + Sketch – Medium,https://medium.com/sketch-app-sources/26-steps-of-product-dashboard-design-c97af84c4146
Simple Tips to Improve User Testing – Thinking Design by Adobe – Medium,https://medium.com/thinking-design/simple-tips-to-improve-user-testing-4ce9dddbe462
IBM’s Bo Campbell On The ‘Win-Win’ of Designing Truly Accessible Products,https://medium.com/thinking-design/ibms-bo-campbell-on-the-win-win-of-designing-truly-accessible-products-69d68daaaa46
How to create your first Slack bot mockup – Botsociety Blog – Medium,https://medium.com/botsociety/how-to-create-your-first-slack-bot-mockup-e9745a48962d
A New Approach to Designing Smart Cities – Design Matters – Medium,https://medium.com/design-matters-4/a-new-approach-to-designing-smart-cities-b33443a4d968
Solving Design and Business Problems in 3 Days with Google Design Spr…,https://medium.com/media/4294e179ca55b73490c4722ec43fc18f/href
The Best User Experience Design Links of 2015 – Kenny Chen – Medium,https://medium.com/@kennycheny/the-best-user-experience-design-links-of-2015-5f4b50b2a6bc
The Reason You Don’t Make Enough Money – Muzli -Design Inspiration,https://medium.com/@p_floryan/the-reason-you-dont-make-enough-money-69194648725e
Let’s stop talking about THE design process – Stanford d.school – Medium,https://medium.com/stanford-d-school/lets-stop-talking-about-the-design-process-7446e52c13e8
A framework for measuring design maturity – uxdesign.cc,https://medium.com/@caioab/a-framework-for-measuring-design-maturity-8fdb578e82c
What will the design industry look like in 2022? – Envato – Medium,https://medium.com/envato/what-will-the-design-industry-look-like-in-2022-9ec802303219
Introducing InVision Studio—the world’s most powerful screen design tool - YouTube,https://medium.com/media/7cf0fe6efabbc8d6d58ab5180f46ac6c/href
So you want to be a Design Researcher – Izzie Zahorian – Medium,https://medium.com/@izziezahorian/so-you-want-to-be-a-design-researcher-83ac4870e4e2
"#19: UX master, Jared Spool, evolves our thinking on design maturity and product vision - YouTube",https://medium.com/media/480c62eb477c362e4b44c224e57e396c/href
3 ways emotionally intelligent leaders are improving collaboration,https://medium.com/smells-like-team-spirit/3-ways-emotionally-intelligent-leaders-are-improving-collaboration-cec696a3165
Simple Tips to Improve User Testing – Thinking Design by Adobe – Medium,https://medium.com/thinking-design/simple-tips-to-improve-user-testing-4ce9dddbe462
4 Tips from Marketing Experts That Will Help You Get The Most Out of Your Content Marketing,https://medium.com/@Jay52/4-tips-from-marketing-experts-that-will-help-you-get-the-most-out-of-your-content-marketing-ae309ce6acc0
"#3: Omada Health’s CMO, Andréa Mallard, on why design is too important to be left to designers - YouTube",https://medium.com/media/c6872273034fdf154ef8486248eb6858/href
Not Found – Medium,https://medium.com/@constructive/designing-user-friendly-faceted-navigation-29ebb6aacf48?source=placement_card_footer_grid---------1-44
How to Work with Designers – The Year of the Looking Glass – Medium,https://medium.com/the-year-of-the-looking-glass/how-to-work-with-designers-6c975dede146
The LAUNCH Cycle: A Design Thinking Framework for K-12 Students - YouTube,https://medium.com/media/76218b490acbca700e20890b75c67c0a/href
"10 Things Incredibly Likable People Never, Ever Do (and Why You Love Them for It)",https://medium.com/inc./10-things-incredibly-likable-people-never-ever-do-and-why-you-love-them-for-it-e55292f7b1cc
Start building a Styleguide for PageUp – pageup-tech – Medium,https://medium.com/pageup-tech/start-building-a-styleguide-for-pageup-32a34d8a391b
The Success and Failure of Design Inc. – Hacker Noon,https://medium.com/@hemeon/the-success-and-failure-of-design-inc-99c07a93c8eb
Using a React 16 Portal to do something cool – Hacker Noon,https://medium.com/@david.gilbertson/using-a-react-16-portal-to-do-something-cool-2a2d627b0202
Stefan Sagmeister: Design and Happiness - YouTube,https://medium.com/media/271866468d5f53a25ec28a100e3ac9e3/href
The Only UX Reading List Ever – Interactive Mind – Medium,https://medium.com/interactive-mind/the-only-ux-reading-list-ever-d420edb3f4ff
Design & Thinking Official Trailer - YouTube,https://medium.com/media/d8d909c8e3a4776055aa09b72a2e8519/href
"Design Week, Age of Design, IKEA and Space 10 - YouTube",https://medium.com/media/cf2582b8927639488655f1e4074237a4/href
Using a React 16 Portal to do something cool – Hacker Noon,https://medium.com/@david.gilbertson/using-a-react-16-portal-to-do-something-cool-2a2d627b0202
Designing Our Tomorrow: sustainable design & BT's Home Hub - YouTube,https://medium.com/media/cd47c348fe0562e5e82c522fa2d236f0/href
Bill Moggridge - What is Design? - YouTube,https://medium.com/media/cbe17c177f707931e563c3066996cc0e/href
Not Found – Medium,https://medium.com/@constructive/designing-user-friendly-faceted-navigation-29ebb6aacf48?source=placement_card_footer_grid---------1-44
The Only UX Reading List Ever – Interactive Mind – Medium,https://medium.com/interactive-mind/the-only-ux-reading-list-ever-d420edb3f4ff
7 Tools to Help You Build an App Without Writing Code,https://medium.com/product-hunt/7-tools-to-help-you-build-an-app-without-writing-code-cb4eb8cfe394
DesignBytes: Intro To Material Design - YouTube,https://medium.com/media/701fb3d6b1b97e9da467c9edd62b1cb2/href
Introducing InVision Studio—the world’s most powerful screen design tool - YouTube,https://medium.com/media/7cf0fe6efabbc8d6d58ab5180f46ac6c/href
Material Design Motion - YouTube,https://medium.com/media/288c314c77948ce7de050a36353fe707/href
Apple Has Lost Its Charm – Hacker Noon,https://medium.com/@nhalford/apple-has-lost-its-charm-66d94e2152c7
Sprint: Tuesday - YouTube,https://medium.com/media/41ef45be3bb6a465129f14259dac0439/href
Dieter Rams Design - YouTube,https://medium.com/media/8a407b61c99b1fe157af8239fd37dfa7/href
A quick beginner’s guide to drawing – Personal Growth – Medium,https://medium.com/personal-growth/a-quick-beginners-guide-to-drawing-58213877715e
Interaction Design - YouTube,https://medium.com/media/fe3ca693a57024cecff1eba62e183775/href
How to Work with Designers – The Year of the Looking Glass – Medium,https://medium.com/the-year-of-the-looking-glass/how-to-work-with-designers-6c975dede146
From ‘Sprint’: The Five-Act Interview - YouTube,https://medium.com/media/14eff9b417914cf53e20bd544cb0ea2d/href
"Design Week, Age of Design, IKEA and Space 10 - YouTube",https://medium.com/media/cf2582b8927639488655f1e4074237a4/href
DesignBytes: Material Design in the Google I/O App - YouTube,https://medium.com/media/c0a80ef2336722719470562b350fb044/href
All the slides (and more) from the 2017 IA Summit – IA Summit #ias18 – Medium,https://medium.com/@IAsummit/all-the-slides-and-more-from-the-2017-ia-summit-30b37f95e74e
Tips for Becoming a Design Leader – Facebook Design – Medium,https://medium.com/facebook-design/tips-for-becoming-a-design-leader-7f32513b4c3f
So you want to be a Design Researcher – Izzie Zahorian – Medium,https://medium.com/@izziezahorian/so-you-want-to-be-a-design-researcher-83ac4870e4e2
Start building a Styleguide for PageUp – pageup-tech – Medium,https://medium.com/pageup-tech/start-building-a-styleguide-for-pageup-32a34d8a391b
"#3: Omada Health’s CMO, Andréa Mallard, on why design is too important to be left to designers - YouTube",https://medium.com/media/c6872273034fdf154ef8486248eb6858/href
Why Building Social Robots Is Much Harder Than You Think,https://medium.com/topbots/why-building-social-robots-is-much-harder-than-you-think-975abd791e29
Solving Design and Business Problems in 3 Days with Google Design Spr…,https://medium.com/media/4294e179ca55b73490c4722ec43fc18f/href
Let’s stop talking about THE design process – Stanford d.school – Medium,https://medium.com/stanford-d-school/lets-stop-talking-about-the-design-process-7446e52c13e8
Not Found – Medium,https://medium.com/@constructive/designing-user-friendly-faceted-navigation-29ebb6aacf48?source=placement_card_footer_grid---------1-44
Thinking of studying design? Nick Chubb | LDF16 - YouTube,https://medium.com/media/e35fee797ca276b48f20dd32154643fd/href
DESIGNING YOUR LIFE by Bill Burnett & Dave Evans - YouTube,https://medium.com/media/bb65cd29136d7057ebea1a92b29e2983/href
7 Misconceptions About Responsive Web Design and the Truths,https://medium.com/@unified_infotech/7-misconceptions-about-responsive-web-design-and-the-truths-8598325a5953
Why Collaboration is the Future of Work and What This Means For Designers Going Forward,https://medium.com/thinking-design/why-collaboration-is-the-future-of-work-and-what-this-means-for-designers-going-forward-f48c166ded44
"A Conversation on Service Design with Airbnb, Good Eggs and Lyft. - YouTube",https://medium.com/media/9bc0378200ed58c61dfb4f1f8c229eae/href
Are we subconsciously Development centric ? – Thinkerclan – Medium,https://medium.com/10-minutes-on-design/are-we-subconsciously-development-centric-5850db56fcb2
"10 Things Incredibly Likable People Never, Ever Do (and Why You Love Them for It)",https://medium.com/inc./10-things-incredibly-likable-people-never-ever-do-and-why-you-love-them-for-it-e55292f7b1cc
The most insightful stories about Fluent Design – Medium,https://medium.com/tag/fluent-design
Why Building Social Robots Is Much Harder Than You Think,https://medium.com/topbots/why-building-social-robots-is-much-harder-than-you-think-975abd791e29
5 Web Designing Tips To Build An Engaging Contact Us Page,https://medium.com/@medialabz/5-web-designing-tips-to-build-an-engaging-contact-us-page-ef7264bd4d31
3 Crucial Web Design Tips To Create A Professional Site | Glass Media,https://medium.com/@GlassMedia/3-crucial-web-design-tips-to-create-a-professional-site-glass-media-8ddcf5b9b969
Canva's team culture and El Nido trip - YouTube,https://medium.com/media/31121cba217c9a432ba516e986aad933/href
The Genius of Design 5 - Objects of Desire (2009) - YouTube,https://medium.com/media/7ee5757c553a176d8dc6f4baf3a849ba/href
"Seven lessons I learned from the failure of my first startup, Dinnr",https://medium.com/indian-thoughts/seven-lessons-i-learned-from-the-failure-of-my-first-startup-dinnr-c166d1cfb8b8
WWDC 2016 Spotlight: watchOS 3 – BPXL Craft – Medium,https://medium.com/bpxl-craft/wwdc-2016-spotlight-watchos-3-f8ea5ad06473
Bootstrap Studio - 15 Powerful Features - YouTube,https://medium.com/media/b5a4d57fb80b6585cb3b5359465c1ec8/href
A Magazine Is Born: The making of Little White Lies BLACK SWAN - YouTube,https://medium.com/media/d7d375d8a8f45b3b926b7ed6adcf28bb/href
Powerful Mobile-First Publishing Tools Developed with Mobile-First Team,https://medium.com/thinking-design/powerful-mobile-first-publishing-tools-developed-with-mobile-first-team-a29c44af310d
How To Use Canva - Tutorial! - YouTube,https://medium.com/media/84f848eea3603d719cd8864b8a921e6f/href
The Best Lifting Straps – BarBend – Medium,https://medium.com/@barbend/the-best-lifting-straps-56eab20d265d
IKEA Square Metre Challenge Part 2: Room for family life - YouTube,https://medium.com/media/03533a8b4a706ed811127dfaa5ce2ce4/href
How I searched for the next step in life – Chenyu Zheng – Medium,https://medium.com/@chenyuz/how-i-searched-for-the-next-step-in-life-78251d985420
Biomimicry - YouTube,https://medium.com/media/91cbd623935d97376fe7fa24e409a366/href
Binary and Json benchmarks updated – theburningmonk.com – Medium,https://medium.com/theburningmonk-com/binary-and-json-benchmarks-updated-e092bfcbb0f4
How to organize our JS / jQuery spaghetti code better,https://medium.com/@jordan_enev/how-to-organize-our-js-jquery-spaghetti-code-better-78224ab0137?source=rss-------1
Thinking of studying design? Nick Chubb | LDF16 - YouTube,https://medium.com/media/e35fee797ca276b48f20dd32154643fd/href
